{"cameraMode":{"drawMode":0,"name":"Shaded","section":"Shading Mode"},"sceneLighting":true,"audioPlay":false,"sceneViewState":{"showFog":false,"showMaterialUpdate":false,"showSkybox":false,"showFlares":false,"showImageEffects":false,"showParticleSystems":true},"in2DMode":false,"pivot":{"x":-0.2188405990600586,"y":1.4387054443359376,"z":-0.635589599609375},"rotation":{"x":-0.0627932995557785,"y":0.9150531888008118,"z":-0.1568959355354309,"w":-0.3662262558937073},"size":13.022601127624512,"orthographic":false}