{"cameraMode":{"drawMode":0,"name":"Shaded","section":"Shading Mode"},"sceneLighting":true,"audioPlay":false,"sceneViewState":{"showFog":true,"showMaterialUpdate":false,"showSkybox":true,"showFlares":true,"showImageEffects":true,"showParticleSystems":true},"in2DMode":false,"pivot":{"x":-0.9038238525390625,"y":-0.7948904037475586,"z":1.5348577499389649},"rotation":{"x":-0.14574569463729859,"y":0.8460260629653931,"z":-0.29291680455207827,"w":-0.42095357179641726},"size":24.29998207092285,"orthographic":false}